[{"location":"Pittsburgh"},{"location":"Chicago"},{"location":"New York City"},{"location":"Washington, D.C."},{"location":"Newark, New Jersey"},{"location":"Toronto"},{"location":"Boston"},{"location":"Albany, New York"},{"location":"Hartford, Connecticut"},{"location":"Philadelphia"},{"location":"Sunrise, Florida"},{"location":"Atlanta"},{"location":"Louisville, Kentucky"},{"location":"Cleveland"},{"location":"Buffalo, New York"},{"location":"Rochester, New York"},{"location":"Saint Paul, Minnesota"},{"location":"Milwaukee"},{"location":"St. Louis"},{"location":"Phoenix, Arizona"},{"location":"Oakland, California"},{"location":"Los Angeles"},{"location":"Los Angeles"},{"location":"Los Angeles"},{"location":"Portland, Oregon"},{"location":"Seattle"},{"location":"New York City"},{"location":"Denver"},{"location":"Oklahoma City"},{"location":"Dallas"},{"location":"Kansas City, Missouri"},{"location":"Columbus, Ohio"},{"location":"Auburn Hills, Michigan"},{"location":"University Park, Pennsylvania"},{"location":"Baltimore"},{"location":"Brooklyn"},{"location":"Brooklyn"},{"location":"Barcelona"},{"location":"San Sebastian"},{"location":"Lisbon"},{"location":"Madrid"},{"location":"Manchester"},{"location":"Dublin"},{"location":"Dublin"},{"location":"Glasgow"},{"location":"Coventry"},{"location":"London"},{"location":"The Hague"},{"location":"Munich"},{"location":"Berlin"},{"location":"Copenhagen"},{"location":"Gothenburg"},{"location":"Gothenburg"},{"location":"Oslo"},{"location":"Milan"},{"location":"Milan"},{"location":"Werchter"},{"location":"Paris"},{"location":"Paris"},{"location":"Rome"},{"location":"Horsens"},{"location":"Gothenburg"},{"location":"Trondheim"},{"location":"Oslo"},{"location":"Zurich"}]