[{"type":"Feature","geometry":{"type":"Point","coordinates":[]},"properties":{"date":"2016-01-16","location":"Pittsburgh"}},{"type":"Feature","geometry":{"type":"Point","coordinates":[]},"properties":{"date":"2016-01-19","location":"Chicago"}},{"type":"Feature","geometry":{"type":"Point","coordinates":[]},"properties":{"date":"2016-01-27","location":"New York City"}},{"type":"Feature","geometry":{"type":"Point","coordinates":[]},"properties":{"date":"2016-01-29","location":"Washington, D.C."}},{"type":"Feature","geometry":{"type":"Point","coordinates":[]},"properties":{"date":"2016-01-31","location":"Newark, New Jersey"}},{"type":"Feature","geometry":{"type":"Point","coordinates":[]},"properties":{"date":"2016-02-02","location":"Toronto"}},{"type":"Feature","geometry":{"type":"Point","coordinates":[]},"properties":{"date":"2016-02-04","location":"Boston"}},{"type":"Feature","geometry":{"type":"Point","coordinates":[]},"properties":{"date":"2016-02-08","location":"Albany, New York"}},{"type":"Feature","geometry":{"type":"Point","coordinates":[]},"properties":{"date":"2016-02-10","location":"Hartford, Connecticut"}},{"type":"Feature","geometry":{"type":"Point","coordinates":[]},"properties":{"date":"2016-02-12","location":"Philadelphia"}},{"type":"Feature","geometry":{"type":"Point","coordinates":[]},"properties":{"date":"2016-02-16","location":"Sunrise, Florida"}},{"type":"Feature","geometry":{"type":"Point","coordinates":[]},"properties":{"date":"2016-02-18","location":"Atlanta"}},{"type":"Feature","geometry":{"type":"Point","coordinates":[]},"properties":{"date":"2016-02-21","location":"Louisville, Kentucky"}},{"type":"Feature","geometry":{"type":"Point","coordinates":[]},"properties":{"date":"2016-02-23","location":"Cleveland"}},{"type":"Feature","geometry":{"type":"Point","coordinates":[]},"properties":{"date":"2016-02-25","location":"Buffalo, New York"}},{"type":"Feature","geometry":{"type":"Point","coordinates":[]},"properties":{"date":"2016-02-27","location":"Rochester, New York"}},{"type":"Feature","geometry":{"type":"Point","coordinates":[]},"properties":{"date":"2016-02-29","location":"Saint Paul, Minnesota"}},{"type":"Feature","geometry":{"type":"Point","coordinates":[]},"properties":{"date":"2016-03-03","location":"Milwaukee"}},{"type":"Feature","geometry":{"type":"Point","coordinates":[]},"properties":{"date":"2016-03-06","location":"St. Louis"}},{"type":"Feature","geometry":{"type":"Point","coordinates":[]},"properties":{"date":"2016-03-10","location":"Phoenix, Arizona"}},{"type":"Feature","geometry":{"type":"Point","coordinates":[]},"properties":{"date":"2016-03-13","location":"Oakland, California"}},{"type":"Feature","geometry":{"type":"Point","coordinates":[]},"properties":{"date":"2016-03-15","location":"Los Angeles"}},{"type":"Feature","geometry":{"type":"Point","coordinates":[]},"properties":{"date":"2016-03-17","location":"Los Angeles"}},{"type":"Feature","geometry":{"type":"Point","coordinates":[]},"properties":{"date":"2016-03-19","location":"Los Angeles"}},{"type":"Feature","geometry":{"type":"Point","coordinates":[]},"properties":{"date":"2016-03-22","location":"Portland, Oregon"}},{"type":"Feature","geometry":{"type":"Point","coordinates":[]},"properties":{"date":"2016-03-24","location":"Seattle"}},{"type":"Feature","geometry":{"type":"Point","coordinates":[]},"properties":{"date":"2016-03-28","location":"New York City"}},{"type":"Feature","geometry":{"type":"Point","coordinates":[]},"properties":{"date":"2016-03-31","location":"Denver"}},{"type":"Feature","geometry":{"type":"Point","coordinates":[]},"properties":{"date":"2016-04-03","location":"Oklahoma City"}},{"type":"Feature","geometry":{"type":"Point","coordinates":[]},"properties":{"date":"2016-04-05","location":"Dallas"}},{"type":"Feature","geometry":{"type":"Point","coordinates":[]},"properties":{"date":"2016-04-07","location":"Kansas City, Missouri"}},{"type":"Feature","geometry":{"type":"Point","coordinates":[]},"properties":{"date":"2016-04-12","location":"Columbus, Ohio"}},{"type":"Feature","geometry":{"type":"Point","coordinates":[]},"properties":{"date":"2016-04-14","location":"Auburn Hills, Michigan"}},{"type":"Feature","geometry":{"type":"Point","coordinates":[]},"properties":{"date":"2016-04-18","location":"University Park, Pennsylvania"}},{"type":"Feature","geometry":{"type":"Point","coordinates":[]},"properties":{"date":"2016-04-20","location":"Baltimore"}},{"type":"Feature","geometry":{"type":"Point","coordinates":[]},"properties":{"date":"2016-04-23","location":"Brooklyn"}},{"type":"Feature","geometry":{"type":"Point","coordinates":[]},"properties":{"date":"2016-04-25","location":"Brooklyn"}},{"type":"Feature","geometry":{"type":"Point","coordinates":[]},"properties":{"date":"2016-05-14","location":"Barcelona"}},{"type":"Feature","geometry":{"type":"Point","coordinates":[]},"properties":{"date":"2016-05-17","location":"San Sebastian"}},{"type":"Feature","geometry":{"type":"Point","coordinates":[]},"properties":{"date":"2016-05-19","location":"Lisbon"}},{"type":"Feature","geometry":{"type":"Point","coordinates":[]},"properties":{"date":"2016-05-21","location":"Madrid"}},{"type":"Feature","geometry":{"type":"Point","coordinates":[]},"properties":{"date":"2016-05-25","location":"Manchester"}},{"type":"Feature","geometry":{"type":"Point","coordinates":[]},"properties":{"date":"2016-05-27","location":"Dublin"}},{"type":"Feature","geometry":{"type":"Point","coordinates":[]},"properties":{"date":"2016-05-29","location":"Dublin"}},{"type":"Feature","geometry":{"type":"Point","coordinates":[]},"properties":{"date":"2016-06-01","location":"Glasgow"}},{"type":"Feature","geometry":{"type":"Point","coordinates":[]},"properties":{"date":"2016-06-03","location":"Coventry"}},{"type":"Feature","geometry":{"type":"Point","coordinates":[]},"properties":{"date":"2016-06-05","location":"London"}},{"type":"Feature","geometry":{"type":"Point","coordinates":[]},"properties":{"date":"2016-06-14","location":"The Hague"}},{"type":"Feature","geometry":{"type":"Point","coordinates":[]},"properties":{"date":"2016-06-17","location":"Munich"}},{"type":"Feature","geometry":{"type":"Point","coordinates":[]},"properties":{"date":"2016-06-19","location":"Berlin"}},{"type":"Feature","geometry":{"type":"Point","coordinates":[]},"properties":{"date":"2016-06-22","location":"Copenhagen"}},{"type":"Feature","geometry":{"type":"Point","coordinates":[]},"properties":{"date":"2016-06-25","location":"Gothenburg"}},{"type":"Feature","geometry":{"type":"Point","coordinates":[]},"properties":{"date":"2016-06-27","location":"Gothenburg"}},{"type":"Feature","geometry":{"type":"Point","coordinates":[]},"properties":{"date":"2016-06-29","location":"Oslo"}},{"type":"Feature","geometry":{"type":"Point","coordinates":[]},"properties":{"date":"2016-07-03","location":"Milan"}},{"type":"Feature","geometry":{"type":"Point","coordinates":[]},"properties":{"date":"2016-07-05","location":"Milan"}},{"type":"Feature","geometry":{"type":"Point","coordinates":[]},"properties":{"date":"2016-07-09","location":"Werchter"}},{"type":"Feature","geometry":{"type":"Point","coordinates":[]},"properties":{"date":"2016-07-11","location":"Paris"}},{"type":"Feature","geometry":{"type":"Point","coordinates":[]},"properties":{"date":"2016-07-13","location":"Paris"}},{"type":"Feature","geometry":{"type":"Point","coordinates":[]},"properties":{"date":"2016-07-16","location":"Rome"}},{"type":"Feature","geometry":{"type":"Point","coordinates":[]},"properties":{"date":"2016-07-20","location":"Horsens"}},{"type":"Feature","geometry":{"type":"Point","coordinates":[]},"properties":{"date":"2016-07-23","location":"Gothenburg"}},{"type":"Feature","geometry":{"type":"Point","coordinates":[]},"properties":{"date":"2016-07-26","location":"Trondheim"}},{"type":"Feature","geometry":{"type":"Point","coordinates":[]},"properties":{"date":"2016-07-28","location":"Oslo"}},{"type":"Feature","geometry":{"type":"Point","coordinates":[]},"properties":{"date":"2016-07-31","location":"Zurich"}}]