[{"city":"New York","time":0,"date":"2016-02-26 03:00:00","temp":35.67},{"city":"New York","time":3,"date":"2016-02-26 06:00:00","temp":35.83},{"city":"New York","time":6,"date":"2016-02-26 09:00:00","temp":33.64},{"city":"New York","time":9,"date":"2016-02-26 12:00:00","temp":32.07},{"city":"New York","time":12,"date":"2016-02-26 15:00:00","temp":32.91},{"city":"New York","time":15,"date":"2016-02-26 18:00:00","temp":34.37},{"city":"New York","time":18,"date":"2016-02-26 21:00:00","temp":34.53},{"city":"New York","time":21,"date":"2016-02-27 00:00:00","temp":31.34},{"city":"New York","time":24,"date":"2016-02-27 03:00:00","temp":28.86},{"city":"New York","time":27,"date":"2016-02-27 06:00:00","temp":26.6},{"city":"New York","time":30,"date":"2016-02-27 09:00:00","temp":24.94},{"city":"New York","time":33,"date":"2016-02-27 12:00:00","temp":25},{"city":"New York","time":36,"date":"2016-02-27 15:00:00","temp":30.43},{"city":"New York","time":39,"date":"2016-02-27 18:00:00","temp":34.71},{"city":"New York","time":42,"date":"2016-02-27 21:00:00","temp":37.15},{"city":"New York","time":45,"date":"2016-02-28 00:00:00","temp":35},{"city":"New York","time":48,"date":"2016-02-28 03:00:00","temp":34.04},{"city":"New York","time":51,"date":"2016-02-28 06:00:00","temp":33.83},{"city":"New York","time":54,"date":"2016-02-28 09:00:00","temp":33.95},{"city":"New York","time":57,"date":"2016-02-28 12:00:00","temp":34.31},{"city":"New York","time":60,"date":"2016-02-28 15:00:00","temp":41.9},{"city":"New York","time":63,"date":"2016-02-28 18:00:00","temp":48.84},{"city":"New York","time":66,"date":"2016-02-28 21:00:00","temp":50.94},{"city":"New York","time":69,"date":"2016-02-29 00:00:00","temp":47.92},{"city":"New York","time":72,"date":"2016-02-29 03:00:00","temp":46.21},{"city":"New York","time":75,"date":"2016-02-29 06:00:00","temp":46},{"city":"New York","time":78,"date":"2016-02-29 09:00:00","temp":46.81},{"city":"New York","time":81,"date":"2016-02-29 12:00:00","temp":47.41},{"city":"New York","time":84,"date":"2016-02-29 15:00:00","temp":53.48},{"city":"New York","time":87,"date":"2016-02-29 18:00:00","temp":56.81},{"city":"New York","time":90,"date":"2016-02-29 21:00:00","temp":49.25},{"city":"New York","time":93,"date":"2016-03-01 00:00:00","temp":44.58},{"city":"New York","time":96,"date":"2016-03-01 03:00:00","temp":42.3},{"city":"New York","time":99,"date":"2016-03-01 06:00:00","temp":41.37},{"city":"New York","time":102,"date":"2016-03-01 09:00:00","temp":42.74},{"city":"New York","time":105,"date":"2016-03-01 12:00:00","temp":44.02},{"city":"New York","time":108,"date":"2016-03-01 15:00:00","temp":49.4},{"city":"New York","time":111,"date":"2016-03-01 18:00:00","temp":48.59},{"city":"New York","time":114,"date":"2016-03-01 21:00:00","temp":47.65},{"city":"erie","time":0,"date":"2016-02-26 03:00:00","temp":27.41},{"city":"erie","time":3,"date":"2016-02-26 06:00:00","temp":26.26},{"city":"erie","time":6,"date":"2016-02-26 09:00:00","temp":23.59},{"city":"erie","time":9,"date":"2016-02-26 12:00:00","temp":21.07},{"city":"erie","time":12,"date":"2016-02-26 15:00:00","temp":22.01},{"city":"erie","time":15,"date":"2016-02-26 18:00:00","temp":24.39},{"city":"erie","time":18,"date":"2016-02-26 21:00:00","temp":25.54},{"city":"erie","time":21,"date":"2016-02-27 00:00:00","temp":25.16},{"city":"erie","time":24,"date":"2016-02-27 03:00:00","temp":25.97},{"city":"erie","time":27,"date":"2016-02-27 06:00:00","temp":26.53},{"city":"erie","time":30,"date":"2016-02-27 09:00:00","temp":25.95},{"city":"erie","time":33,"date":"2016-02-27 12:00:00","temp":25.75},{"city":"erie","time":36,"date":"2016-02-27 15:00:00","temp":28.69},{"city":"erie","time":39,"date":"2016-02-27 18:00:00","temp":35.58},{"city":"erie","time":42,"date":"2016-02-27 21:00:00","temp":39.85},{"city":"erie","time":45,"date":"2016-02-28 00:00:00","temp":39.36},{"city":"erie","time":48,"date":"2016-02-28 03:00:00","temp":38.28},{"city":"erie","time":51,"date":"2016-02-28 06:00:00","temp":37.42},{"city":"erie","time":54,"date":"2016-02-28 09:00:00","temp":37.37},{"city":"erie","time":57,"date":"2016-02-28 12:00:00","temp":37.19},{"city":"erie","time":60,"date":"2016-02-28 15:00:00","temp":42.62},{"city":"erie","time":63,"date":"2016-02-28 18:00:00","temp":48.21},{"city":"erie","time":66,"date":"2016-02-28 21:00:00","temp":50.17},{"city":"erie","time":69,"date":"2016-02-29 00:00:00","temp":49.4},{"city":"erie","time":72,"date":"2016-02-29 03:00:00","temp":50.04},{"city":"erie","time":75,"date":"2016-02-29 06:00:00","temp":47.76},{"city":"erie","time":78,"date":"2016-02-29 09:00:00","temp":44.38},{"city":"erie","time":81,"date":"2016-02-29 12:00:00","temp":32.78},{"city":"erie","time":84,"date":"2016-02-29 15:00:00","temp":31.93},{"city":"erie","time":87,"date":"2016-02-29 18:00:00","temp":35.52},{"city":"erie","time":90,"date":"2016-02-29 21:00:00","temp":38.45},{"city":"erie","time":93,"date":"2016-03-01 00:00:00","temp":40.31},{"city":"erie","time":96,"date":"2016-03-01 03:00:00","temp":41.4},{"city":"erie","time":99,"date":"2016-03-01 06:00:00","temp":34.44},{"city":"erie","time":102,"date":"2016-03-01 09:00:00","temp":30.41},{"city":"erie","time":105,"date":"2016-03-01 12:00:00","temp":29.44},{"city":"erie","time":108,"date":"2016-03-01 15:00:00","temp":29.96},{"city":"erie","time":111,"date":"2016-03-01 18:00:00","temp":32.17},{"city":"erie","time":114,"date":"2016-03-01 21:00:00","temp":32.39},{"city":"erie","time":117,"date":"2016-03-02 00:00:00","temp":28.37},{"city":"Paris","time":0,"date":"2016-02-26 03:00:00","temp":27.68},{"city":"Paris","time":3,"date":"2016-02-26 06:00:00","temp":28.76},{"city":"Paris","time":6,"date":"2016-02-26 09:00:00","temp":34.95},{"city":"Paris","time":9,"date":"2016-02-26 12:00:00","temp":40.62},{"city":"Paris","time":12,"date":"2016-02-26 15:00:00","temp":42.09},{"city":"Paris","time":15,"date":"2016-02-26 18:00:00","temp":36.08},{"city":"Paris","time":18,"date":"2016-02-26 21:00:00","temp":30.75},{"city":"Paris","time":21,"date":"2016-02-27 00:00:00","temp":28.46},{"city":"Paris","time":24,"date":"2016-02-27 03:00:00","temp":26.56},{"city":"Paris","time":27,"date":"2016-02-27 06:00:00","temp":25.88},{"city":"Paris","time":30,"date":"2016-02-27 09:00:00","temp":31.29},{"city":"Paris","time":33,"date":"2016-02-27 12:00:00","temp":40.52},{"city":"Paris","time":36,"date":"2016-02-27 15:00:00","temp":43.26},{"city":"Paris","time":39,"date":"2016-02-27 18:00:00","temp":39.21},{"city":"Paris","time":42,"date":"2016-02-27 21:00:00","temp":35.75},{"city":"Paris","time":45,"date":"2016-02-28 00:00:00","temp":33.56},{"city":"Paris","time":48,"date":"2016-02-28 03:00:00","temp":31.61},{"city":"Paris","time":51,"date":"2016-02-28 06:00:00","temp":30.05},{"city":"Paris","time":54,"date":"2016-02-28 09:00:00","temp":33.32},{"city":"Paris","time":57,"date":"2016-02-28 12:00:00","temp":39.58},{"city":"Paris","time":60,"date":"2016-02-28 15:00:00","temp":41.27},{"city":"Paris","time":63,"date":"2016-02-28 18:00:00","temp":38.04},{"city":"Paris","time":66,"date":"2016-02-28 21:00:00","temp":38.29},{"city":"Paris","time":69,"date":"2016-02-29 00:00:00","temp":35.99},{"city":"Paris","time":72,"date":"2016-02-29 03:00:00","temp":32.76},{"city":"Paris","time":75,"date":"2016-02-29 06:00:00","temp":31.11},{"city":"Paris","time":78,"date":"2016-02-29 09:00:00","temp":37.27},{"city":"Paris","time":81,"date":"2016-02-29 12:00:00","temp":43.85},{"city":"Paris","time":84,"date":"2016-02-29 15:00:00","temp":43.76},{"city":"Paris","time":87,"date":"2016-02-29 18:00:00","temp":40.83},{"city":"Paris","time":90,"date":"2016-02-29 21:00:00","temp":37.19},{"city":"Paris","time":93,"date":"2016-03-01 00:00:00","temp":30.9},{"city":"Paris","time":96,"date":"2016-03-01 03:00:00","temp":26.46},{"city":"Paris","time":99,"date":"2016-03-01 06:00:00","temp":30.16},{"city":"Paris","time":102,"date":"2016-03-01 09:00:00","temp":34.24},{"city":"Paris","time":105,"date":"2016-03-01 12:00:00","temp":37.09},{"city":"Paris","time":108,"date":"2016-03-01 15:00:00","temp":40.09},{"city":"Paris","time":111,"date":"2016-03-01 18:00:00","temp":42.07},{"city":"Paris","time":114,"date":"2016-03-01 21:00:00","temp":44.81}]